"loan_intent","avg_loan_amount"
"HOMEIMPROVEMENT","10419.187330127535"
"VENTURE","9658.1961110400409364"
"PERSONAL","9604.5281419679512647"
"DEBTCONSOLIDATION","9548.3336599020293912"
"EDUCATION","9506.5989509343241176"
"MEDICAL","9137.9591717360786149"
