"income_category","avg_loan_amount"
"Middle Income (25K-75K)","8000.7856912794911023"
"Low Income (<25K)","3763.6313423249839435"
"High Income (>75K)","12182.924784946237"
